{"manifestVersion":"1.1","info":{"id":"UnitTestMaster.2ABCD648-C9CB-464B-9CE8-3A69B7B229B3,version=1.0","manifestType":"Extension"},"packages":[{"id":"Component.UnitTestMaster.2ABCD648-C9CB-464B-9CE8-3A69B7B229B3","version":"1.0","type":"Component","extension":true,"dependencies":{"UnitTestMaster.2ABCD648-C9CB-464B-9CE8-3A69B7B229B3":"1.0","Microsoft.VisualStudio.Component.CoreEditor":"15.0","Microsoft.VisualStudio.Component.Roslyn.LanguageServices":"15.0","Microsoft.VisualStudio.Component.Roslyn.Compiler":"15.0"},"localizedResources":[{"language":"en-US","title":"Unit Test Master","description":"Unit Test master generates base structure of test class based on source file along with its mock classes. And it can also generate Unit test code coverage.\n\nGenerates a unit test boilerplate from a given C# class, setting up mocks for all dependencies. Right click an item in Solution Explorer and choose \"Create Unit Test Boilerplate\" .\n\nSupports Visual Studio Test, NUnit, xUnit and many mock frameworks."}]},{"id":"UnitTestMaster.2ABCD648-C9CB-464B-9CE8-3A69B7B229B3","version":"1.0","type":"Vsix","payloads":[{"fileName":"VSUnitTestMaster.vsix","size":5400398}],"vsixId":"UnitTestMaster.2ABCD648-C9CB-464B-9CE8-3A69B7B229B3","extensionDir":"[installdir]\\Common7\\IDE\\Extensions\\izvnj0bc.ksp","installSizes":{"targetDrive":6831967}}]}