<?xml version="1.0"?>
<doc>
    <assembly>
        <name>Xceed.Wpf.Toolkit.Themes.Windows10</name>
    </assembly>
    <members>
        <member name="T:Xceed.Wpf.Toolkit.Themes.Windows10.MultiCalendar">
            <summary>
            MultiCalendar
            </summary>
        </member>
        <member name="M:Xceed.Wpf.Toolkit.Themes.Windows10.MultiCalendar.InitializeComponent">
            <summary>
            InitializeComponent
            </summary>
        </member>
    </members>
</doc>
